id, first_name, last_name, address, city, state, zip, classification,salary, commissioned, hourly, office_phone, DOB, SSN, start_date,rounte, account, permission_level, title, dept,archived, password, email
51-4678119,Issie,Scholard,11 Texas Court,Columbia,Missouri,65218,3,134386.51,34,91.06, , , , , , ,0, , ,False,0534f0bcd91eef5448a034f23062e6dd09bd8809404da30724afeb435d39e992, 
68-9609244,Jed,Netti,85 Coolidge Terrace,San Antonio,Texas,78255,2,159648.55,47,45.7, , , , , , ,0, , ,False,6392a55aaf9f5537842c4091bf3b620e7c352cae1dfce44b3fd806c4c9694b1e, 
47-2771794,Galvan,Solesbury,3 Drewry Junction,Springfield,Illinois,62794,2,91934.89,39,47.92, , , , , , ,0, , ,False,74c0c7336b0005089994e5bd78678bd501523dd98dfb9b1916b0bd20d6710762, 
11-0469486,Reynard,Lorenzin,3233 Spaight Point,Houston,Texas,77030,1,87578.56,27,86.84, , , , , , ,0, , ,False,a21c8b5f1952f995434476330e575ff84d389351c466956e263af3e53e260b25, 
41-5906217,Sandi,Bernardinelli,24129 Susan Junction,Houston,Texas,77080,1,75273.14,44,58.58, , , , , , ,0, , ,False,bea4a7423282f52a740e91296cf92fc9a46bd6172a1366444696811743ef22aa, 
62-5530062,Shelli,Gosnold,0348 Dakota Hill,Pasadena,California,91199,2,139728.46,30,65.55, , , , , , ,0, , ,False,143e5d53371599b9bc5f0b633ddc5afc28e5f79ac14aaf7ebc509b4a605d14a5, 
87-6664864,Deonne,Plane,61894 Westerfield Lane,Portland,Oregon,97296,3,103514.53,36,92.61, , , , , , ,0, , ,False,2b379aa3f78aa5bcd4ef28c3e9480dedc0df8139d04fa4509a285bef5a0086f6, 
07-3318962,Filia,Cramb,2 Hallows Parkway,Fort Worth,Texas,76192,3,138257.72,20,99.59, , , , , , ,0, , ,False,ed001af2ea7603500f6bc665e866de55afada306fe0230c14a8eeb68552783bc, 
80-1251478,Berni,Whittam,77015 Prairie Rose Road,Chicago,Illinois,60669,2,46020.03,40,43.25, , , , , , ,0, , ,False,a3c77f46c5e92ac0a19d95bb3d20cfc89fa125b4135fdbd84618d2a8a330324e, 
38-2406306,Kelby,Shaxby,5 Roxbury Place,Dallas,Texas,75231,2,46173.64,31,75.03, , , , , , ,0, , ,False,f41929b48106b811a05d31bb42921a8f205ef90e588ee55d35144e8537811f41, 
06-4413296,Carola,Doche,820 Blackbird Crossing,Houston,Texas,77234,3,136114.4,29,65.06, , , , , , ,0, , ,False,9ecf84ac7329ec637d696101b7548861a0c8b535d3a81921c645c12bc4a851a5, 
58-5924013,Amabel,Reeks,7 Buell Terrace,Cleveland,Ohio,44105,3,123237.32,35,36.6, , , , , , ,0, , ,False,1430000ab1fa9d7035a958a4c66db26e991c60e69b3cf30740300fde04278730, 
45-9277595,Vilhelmina,Cranham,0434 Jenifer Court,Annapolis,Maryland,21405,3,74736.36,42,90.18, , , , , , ,0, , ,False,1c494365a04972f434ca9a44b6fe7f642cd1c043349d4b347c2e7f4be72e3194, 
04-0002399,Nicoli,Allanson,02370 Golf View Circle,Boulder,Colorado,80305,3,152822.32,22,34.79, , , , , , ,0, , ,False,bc92b59e78cbefb69933e15c02b2b7ed4c76362d07b4e8cb627e7b2697bb5784, 
06-9938086,Jeffie,Steedman,06 Oneill Hill,Huntsville,Alabama,35895,1,129855.42,21,19.82, , , , , , ,0, , ,False,798c257f0582d1dd0746aef50f33037c99a8717be54e9769d5780ecdbb7e9212, 
86-3502566,Rosamund,Ridhole,60 Forest Plaza,Fort Lauderdale,Florida,33336,1,60150.07,37,19.8, , , , , , ,0, , ,False,0059a10f60992be2926b4714c4b830a914885d6c3d23b0654071d4d07a98fb9f, 
64-8475900,Dre,Oylett,3116 Barby Lane,Aurora,Illinois,60505,2,102583.77,32,83.0, , , , , , ,0, , ,False,8d780984003e1dd4e68fdd0eaf1ee509969788e0e92c64e40387cb385f1e6a3e, 
38-0498292,Parke,Novotna,990 Erie Center,Aiken,South Carolina,29805,3,33580.92,34,93.39, , , , , , ,0, , ,False,ef52828ee1e8bbad81c43f1b1eeaca7a8dc145dc1ea119ed2d12cd9442b4a09c, 
27-7347997,Darda,Philippsohn,35347 Oneill Hill,Palm Bay,Florida,32909,3,85762.52,21,27.76, , , , , , ,0, , ,False,001578e4b6bd4ac3ac9b6f8044f5f59ed480ebd3d79c78c5d79820a52b2ad949, 
17-7841952,Sophey,McCrisken,313 Fairview Terrace,Austin,Texas,78778,1,116943.22,28,93.87, , , , , , ,0, , ,False,4f9f2da8e9536ebbef76fed4bb230c05e4f09ac41213d0da81d6b14283990272, 
38-0238479,Zacherie,Crease,76189 Warrior Hill,San Francisco,California,94164,3,51520.53,26,60.67, , , , , , ,0, , ,False,c207ed3634a567889ee37aba5a6842cada9ab4cbdb33200445d9468c6280da77, 
78-2666234,Anabella,Flegg,7 Blaine Point,Roanoke,Virginia,24020,3,113715.49,37,95.43, , , , , , ,0, , ,False,57ca76de3ef5c074c40a5a15afff4e73022b9d7c4a45287048525dbe8b18809f, 
11-2479305,Delores,Pouton,45 Truax Terrace,Kalamazoo,Michigan,49048,2,114860.52,38,14.58, , , , , , ,0, , ,False,282e4580cb7d7ed832a9cb3ad93b5eb2286bcc40d125a71db5974bea3ad647f4, 
64-5571074,Rochette,Scorthorne,1076 Utah Point,Birmingham,Alabama,35225,1,61968.01,36,32.63, , , , , , ,0, , ,False,cec358aaf9937440a2af1833fed2e62a5cbbab8b9d2a0b0ec652f25d202d941a, 
13-3301062,Davey,Nelmes,7067 Old Shore Alley,Kansas City,Missouri,64142,1,94680.4,24,98.81, , , , , , ,0, , ,False,d128a841aa2981d76237c18190addff97f4508a3870c5fccd87a8a3276466b54, 
06-9331330,Gerhard,Lymer,9 Rieder Parkway,Harrisburg,Pennsylvania,17105,3,104800.78,27,77.3, , , , , , ,0, , ,False,d823d7f9eb65cec3e0d6d56cf17a9fa917ce5a8a3f9baaa55e0b050f005a0f9e, 
62-1927856,Abagael,Matuszynski,60 Orin Place,Boise,Idaho,83757,3,125893.63,24,56.02, , , , , , ,0, , ,False,556f9390d27cbf9b986cd28edf4bdd1eeb8907c5d443fcb42a2782c2b64c198b, 
04-0559530,Pinchas,Crossgrove,5 Mendota Lane,Charleston,West Virginia,25362,1,159578.6,22,37.47, , , , , , ,0, , ,False,1b43f9409a02089a203c34705b80436dcaf0bc92988af8961ddeea6e59b544cb, 
70-1649233,Pru,Kaubisch,600 Shasta Point,Washington,District of Columbia,20016,1,37807.52,47,80.27, , , , , , ,0, , ,False,c84490ce30d8b2c630634638d126e77be6fcc58b0e076a01042352ba1b8475ca, 
55-9913618,Coralyn,Arundell,4 Rusk Point,Jamaica,New York,11436,1,121181.39,27,63.55, , , , , , ,0, , ,False,98d63f7edd4bdbf2b66c56057d6123c31efe5f9fe4d3f958d2d54e554fc3d71d, 
46-2430428,Casandra,Ellis,10 Ramsey Parkway,Bethesda,Maryland,20892,3,150589.06,23,78.4, , , , , , ,0, , ,False,cbeb4194092cf0a7cba61b0859852189558e5ad35eac5079235bee8a28516ebe, 
45-1446417,Keane,Bellelli,722 1st Drive,Denton,Texas,76205,3,105286.9,42,58.45, , , , , , ,0, , ,False,c7b369e78846af11674fa373f524649ca9eba9fad3a1965d74b45514882a90f7, 
34-1470643,Carmella,Viner,35254 Schlimgen Plaza,Alexandria,Virginia,22333,3,133412.67,39,37.14, , , , , , ,0, , ,False,28585d4709b73e02d7a319aad1a7d3e936764899ce18415b62eeb7f3f04b3394, 
61-1429482,Ignacio,Benoi,9219 2nd Park,New York City,New York,10009,2,54571.77,47,23.65, , , , , , ,0, , ,False,09862d29295548a83496df8a63f1909e9a5e0c3584ba38c88e339f828d5cde79, 
47-6322881,Filmore,Carloni,7579 Trailsway Terrace,Boca Raton,Florida,33499,2,36583.6,24,15.18, , , , , , ,0, , ,False,72fd92131bbd6213e21d116f1a8e0e7a9b1a3aaa59f9d82285572783d751ab24, 
24-2489311,Worth,Durdy,057 Kings Street,Minneapolis,Minnesota,55402,1,154276.71,32,15.76, , , , , , ,0, , ,False,45fa6d835f99e60a44abf80af8e75d1320490ba4d2f3987beb7927d6391732a2, 
27-6024380,Allsun,Dorre,23531 Sheridan Plaza,Cincinnati,Ohio,45243,3,145152.67,23,57.07, , , , , , ,0, , ,False,df49dc741c524bcc117f4d66c798540160582c1f5b885496891e714f7f173d0a, 
45-3983716,Emelita,de Broke,48962 Merrick Court,Memphis,Tennessee,38188,3,42498.73,24,61.59, , , , , , ,0, , ,False,5f74a38d6b5df2624b8e259445feac7ad0fc4139124920a6de8f39411fdaa19a, 
51-5722021,Prissie,Monaghan,6 Onsgard Center,Bakersfield,California,93311,2,138498.34,33,11.53, , , , , , ,0, , ,False,6c3d7c0223ed75ee0b168b3c3018b7f1228eef93952dd2257b50af60156be4c9, 
19-1809045,Lizette,McCarty,4125 Westport Court,Jamaica,New York,11431,2,97210.51,44,61.66, , , , , , ,0, , ,False,a7dbefc60e6940c38b1150be596611a929c1340b57c8d7b3ce3bf69bed2bbad7, 
68-9493929,Tess,Macak,53464 Troy Pass,Kansas City,Missouri,64153,2,150082.0,22,96.1, , , , , , ,0, , ,False,3aaabf169f0dd2b5212bd66af4789408b38eb07dde701ed02141f78bee5e13b4, 
19-6229104,Case,Arondel,6892 Green Terrace,Pensacola,Florida,32575,3,142277.16,44,98.03, , , , , , ,0, , ,False,b0f4d23e18eb07438d4bc5af30c46726cc45d7cd466de6bd01a46dc7fe73c34f, 
16-3431739,Araldo,Glentworth,6286 Mosinee Plaza,Atlanta,Georgia,30311,3,92337.99,25,36.02, , , , , , ,0, , ,False,f4ce235a27bc1982183b061cb69519d27c09499ed95c9e88a64fa491b71a3b65, 
41-3478571,Paco,Capineer,6 Scoville Pass,Charleston,South Carolina,29411,3,50887.75,40,56.55, , , , , , ,0, , ,False,18b766b23c0aff2b859921232488dcae0ad5d1792b0afa072fb6887fc336b094, 
10-3896686,Windy,Everit,53 Sheridan Way,Jacksonville,Florida,32230,2,106438.66,22,76.54, , , , , , ,0, , ,False,7aaefd4b638bb3c0a6f979c9e295330ca957542fe843d50531c1f2e629851e5d, 
94-5535191,Thornton,Marron,4897 Atwood Way,Oklahoma City,Oklahoma,73109,1,146678.0,49,64.44, , , , , , ,0, , ,False,87298a32570bf9415421277c94c0d34a0571b4adadb5561c886ea69f41c63170, 
28-2776989,Richy,Dumbrell,395 Sunnyside Avenue,Pensacola,Florida,32595,2,119478.41,28,69.35, , , , , , ,0, , ,False,3154dfcc41fd800917a616e6e931286d9abd3c835b4942c473a45c70915d087d, 
20-1635369,Tad,Insko,8701 Delaware Road,Phoenix,Arizona,85015,1,145255.33,31,18.03, , , , , , ,0, , ,False,1586e36aafcbf00cf37b3b85d8a1f18ae4f9c83531b6d8d101d68082f4cb1f18, 
83-0529487,Karim,Bourhill,77 Pond Point,Peoria,Illinois,61656,1,108492.11,27,44.41, , , , , , ,0, , ,False,e7c43989fed38bf9a0353268504006fc9012351c2f036c81133cd342574093db, 
34-6810393,Rodd,Knightsbridge,715 Hauk Park,Newark,Delaware,19714,2,65966.77,23,23.63, , , , , , ,0, , ,False,c75191704fb0f703814d26393348edddc43f0c8ae7be843331c1b2754a05109f, 
37-3055508,Andrei,Fenners,717 Bonner Terrace,Whittier,California,90610,1,48859.73,41,89.14, , , , , , ,0, , ,False,b9395ebd1afecfcb9a8dcf12b61d34a88b8222445da83ea71a9bf0e67694f9cd, 
75-4213681,Allyn,Rome,128 Graceland Junction,Little Rock,Arkansas,72231,3,116006.77,20,50.9, , , , , , ,0, , ,False,e665d8afce4858cf07c75ea0f2a803179107251d351133395ecfc5bcd55940a7, 
81-1945870,Bobine,Boynes,1542 Mcbride Street,Reno,Nevada,89595,3,82590.22,44,25.85, , , , , , ,0, , ,False,f1af9ced71f7878af81cdf13ab031b8e7ea77ab4428ab7d0ad757275ed3b0c1c, 
72-4004697,Lorettalorna,Duchart,35 Porter Park,Newton,Massachusetts,2162,3,38873.42,33,70.28, , , , , , ,0, , ,False,9cf17f5abe46b1e3a2e4712d602430081e113c96cc9f41c221ce3fea01386143, 
02-7468211,Janifer,McGebenay,66705 Ryan Terrace,Raleigh,North Carolina,27658,2,90092.65,34,82.24, , , , , , ,0, , ,False,738fcb35b5b0316f79c99fefe48893068a69db6d95947164f49f62ec97a6d1da, 
37-2125179,Edik,Halburton,3 Ronald Regan Park,Newport Beach,California,92662,3,41487.7,45,37.29, , , , , , ,0, , ,False,0caf81778dfc7bc025e2b78176db9d1bdae0a0aa9fa01c2337392f11b770dec5, 
10-1307727,Norina,Ruecastle,7 Sachs Place,Kansas City,Missouri,64136,2,149287.81,43,94.47, , , , , , ,0, , ,False,38de599d01ce8afcf5b42343eeb6d12168213b8193fe2748fe1f5f27f90ec159, 
68-8031187,Joey,Skillern,67264 4th Way,Dallas,Texas,75205,3,84359.6,26,43.08, , , , , , ,0, , ,False,2e53510ca2a906b5107549f97459796152ff2798c3406415a559195df9e53b9d, 
87-7995602,Kirsti,Cornwell,45 Nova Court,Seattle,Washington,98185,1,132384.62,44,19.51, , , , , , ,0, , ,False,1e6156a7910b495ea9109a4222a15b9c0e0f5343000183a42ae1e2662a5619c5, 
96-7270096,Clarke,Lilliman,4201 Lakewood Trail,Rockford,Illinois,61105,2,60977.77,50,65.25, , , , , , ,0, , ,False,d83d32a59c8d9e7d3314163b9bc70188354506f44313e368733fa88abfa45038, 
64-1857388,Agathe,Graham,7 Huxley Alley,Chattanooga,Tennessee,37450,1,55781.78,26,80.59, , , , , , ,0, , ,False,53d731574cab4e295f7002f60734e1752fd641c3953878beecaf43924487a0eb, 
50-9589604,Burnaby,Franklyn,65 Dahle Terrace,Arlington,Texas,76004,1,141769.79,47,17.46, , , , , , ,0, , ,False,1c693d24ad99ae71ced0858b9cff33db22e63f991f16d399aebdf350386d2599, 
63-7336700,Thorpe,Chateau,3633 Holmberg Way,Hollywood,Florida,33028,3,115273.25,37,37.3, , , , , , ,0, , ,False,c2f1ecce6afacca3c4056e31c674621133b176fed85c73918c85bb293b51c0bd, 
19-9372214,Farlee,McCuis,7240 Mitchell Place,Amarillo,Texas,79171,1,96774.44,37,68.48, , , , , , ,0, , ,False,3214c313d997246c5fc04ab1db54988353207abacf89d0674956c4a865c7a710, 
89-7922101,Arlyn,Bowley,07348 Dahle Plaza,Philadelphia,Pennsylvania,19172,2,39189.76,27,81.55, , , , , , ,0, , ,False,7e7ff3c495c1084fcff5f9d7dc1cbc05ec7898ddf768be7f12bda60c85dc827f, 
36-5620019,Bondy,Gullis,93621 Hazelcrest Center,Annapolis,Maryland,21405,3,85342.5,49,62.79, , , , , , ,0, , ,False,27b1c87d62f6588db34abee7453a3fe53b63859f8c97caa955172d42127e4562, 
92-9969043,Davon,Casillas,08 Prairieview Pass,San Jose,California,95194,2,83999.52,22,19.83, , , , , , ,0, , ,False,c12298b93261126010e4b36c467a4418463b352103d3f0bb817438c112d28118, 
47-2945377,Nadeen,Ogelsby,8 Judy Lane,Flint,Michigan,48555,3,36960.16,35,51.17, , , , , , ,0, , ,False,74dc37379d99a6a9bf7e461c64f1ae2631675cc461ba968bf1e1e92ef4dd8594, 
56-1715158,Hulda,Birchill,25857 Hanover Avenue,Sparks,Nevada,89436,1,130781.66,47,48.26, , , , , , ,0, , ,False,c6078bec98c6e25fa13fedce0a9c4d0275d6ddd71d644a877d639180e10aa302, 
10-1246695,Devonne,Pigot,84368 Red Cloud Drive,Grand Rapids,Michigan,49510,3,80056.96,24,37.13, , , , , , ,0, , ,False,b77d44ead454f5efc972c3ac31676b94c3d17131b6759985138e8b4283924730, 
52-1313427,Hortensia,Senecaux,8 Ramsey Pass,Miami,Florida,33153,2,116367.58,31,16.58, , , , , , ,0, , ,False,c3e769cea4e3d9a0ef49be986c1f578823752c4758f0bdf0abd6f7c17b036d9c, 
38-9220881,Euell,Vosse,18 Farwell Trail,Maple Plain,Minnesota,55579,3,130877.92,46,41.23, , , , , , ,0, , ,False,b5415367ba1892490dd708fa5f429ac6e438f0d89f78254f1b05c5f7ad546b5a, 
59-6837247,Olav,Elphey,7 Northridge Point,Sacramento,California,95852,1,73081.42,34,63.0, , , , , , ,0, , ,False,1f702cb9d5f1337e4c4b76cc44aa779bc35166f23b9afd4312dd2bb07a098076, 
27-0365206,Amata,Ferreo,8802 Blaine Drive,Kent,Washington,98042,3,53134.81,26,87.74, , , , , , ,0, , ,False,368bb6bf94ff9b3a65d6dc642c23d95fbadaf3a08dbcd3918ab368fabf097b1e, 
04-3473919,Esmaria,Dubery,1939 Eggendart Lane,Saint Petersburg,Florida,33710,3,90870.5,45,25.4, , , , , , ,0, , ,False,4db4f2a1eb9249ca2414491db464e46093766954f8c33c8a46f9987ed3104bd6, 
71-2790118,Gustaf,Bearsmore,631 Harper Avenue,Little Rock,Arkansas,72231,2,93415.59,39,17.37, , , , , , ,0, , ,False,cb770db7c91da1bc9cc3095e062a9abfab44a68470ee527cfe382ba7a8b9e7c4, 
84-5754515,Lynnea,Allston,045 Bashford Center,Austin,Texas,78737,1,29849.81,50,60.73, , , , , , ,0, , ,False,4648ef2fc79014d52fd98c577d0cd5041fb50ecc450b53ddb4bef7b5758c2470, 
98-3318019,Holly-anne,Mullineux,3 Vahlen Avenue,Buffalo,New York,14269,3,146965.54,41,28.9, , , , , , ,0, , ,False,9c5e2ed51ccbfcfe0c470510b5e217def113be5dca63251e51ef13647659a89c, 
00-2001443,Haskell,Sanches,21467 Esch Lane,Las Vegas,Nevada,89145,1,119937.39,29,16.79, , , , , , ,0, , ,False,498eb7639ed3f70acc5c8045faa89cdcf6146160808576b34860c5eef01f7db7, 
63-2380694,Amargo,Minillo,5230 Dixon Trail,Seattle,Washington,98127,3,78532.4,47,56.2, , , , , , ,0, , ,False,11b6dea539b59c00f572e917ac8fe5b2fbadcdb479be58d2ffe8b089f9dcef76, 
92-4506503,Kelbee,Dowears,973 Heffernan Drive,Portland,Oregon,97211,2,64876.5,45,68.51, , , , , , ,0, , ,False,9b8bb44c3516b267920727fcc08d9d5b46d0448972ebc1d67b98edf05c3b05ff, 
97-0855200,Marylinda,Cicero,0 Bunker Hill Hill,Madison,Wisconsin,53785,2,32451.8,44,43.52, , , , , , ,0, , ,False,e23a75adbdd3e1f198535dba583ff73cc3a7b8ddbe5e1e04772cbe4fa9622ff3, 
05-8195323,Leila,Leavesley,22 Waubesa Circle,Albuquerque,New Mexico,87121,3,38640.29,48,15.87, , , , , , ,0, , ,False,4db9d65955c0ceca7440c310b15be61056d2e704cd29bc0616061f02c314e454, 
35-5685721,Hamlin,Cisson,868 Mesta Terrace,Apache Junction,Arizona,85219,3,120076.39,37,94.44, , , , , , ,0, , ,False,1fa05ba932485c532cca16771b301187c070bdee5c8c7427ef8aee8eff33af25, 
85-6235634,Jsandye,Dabbs,2788 Vahlen Junction,College Station,Texas,77844,3,106238.66,45,20.53, , , , , , ,0, , ,False,3553ddaacf5f6864040e23cad878165a2fcaa9993ecceb82cce9458a614b93b5, 
04-0735990,Zack,Hughs,92 Continental Lane,Dayton,Ohio,45490,3,25325.81,25,56.48, , , , , , ,0, , ,False,5b824f00e123a4bf0d86d18246f948a945c037e9bd9b99b9ee183747d2725c55, 
88-7647386,Clive,Weatherill,86 Magdeline Lane,Virginia Beach,Virginia,23454,2,107082.08,47,79.79, , , , , , ,0, , ,False,ec0f8d8c9db96f29b439b84091210b090e22889a36bb4ad01dac2f33e113776d, 
94-1649988,Faulkner,Widdison,8 Shoshone Hill,Baltimore,Maryland,21290,1,88391.61,25,26.24, , , , , , ,0, , ,False,16b5dfee352a832d7033266d6ac1e18d28b9f9f3f3b7d1ffd70df7c0da295d24, 
18-7481598,Farley,Schapiro,93 North Parkway,Washington,District of Columbia,20022,3,155640.96,21,65.64, , , , , , ,0, , ,False,666774cac84d02b076ee0d04cf72b5591e78d1d8e13ea67c7badf5fd2e05f2e1, 
97-5480108,Sandi,Spilsburie,78030 Burning Wood Way,Seattle,Washington,98148,1,100539.35,31,13.83, , , , , , ,0, , ,False,76ea25eba99185cf4587ab9242184a7588f327f6484d371a52f746b57c634dfc, 
00-3751184,Marven,Chalmers,55 Ridgeview Plaza,Laurel,Maryland,20709,2,115183.91,31,97.46, , , , , , ,0, , ,False,e08bb894f51501e7a486998819a8840376dffe188b4143afdbdd4d640f11fa1a, 
50-5110195,Olive,Aimson,8 Waubesa Circle,Long Beach,California,90805,2,159780.48,30,48.68, , , , , , ,0, , ,False,b288605e1238f64d6081dab4b2dc10c3ad694ff0b70dd0ed166329a06e5e6220, 
22-7806066,Jorrie,Oaker,5525 Main Way,Los Angeles,California,90015,3,79409.97,30,66.86, , , , , , ,0, , ,False,651fd185ac475a4ce4becf7f1db72c2ca6467a31e684c6f205e3318a34f48301, 
59-2638523,Moyra,Aslen,5143 Coleman Lane,Canton,Ohio,44720,3,51543.62,49,57.57, , , , , , ,0, , ,False,d553d706c951caec34b7ff665817bc6d6d3377c842c8a44f7aa71f19e9e9bdf0, 
04-7726380,Lemmie,Clewes,318 Union Street,Saint Paul,Minnesota,55166,3,138632.12,24,39.24, , , , , , ,0, , ,False,1bc2b53016062f5f09fb24891f15045e8121b89e111084b33f731ce950322325, 
69-3382564,Christye,Brimicombe,572 Blue Bill Park Way,East Saint Louis,Illinois,62205,1,87502.9,27,19.95, , , , , , ,0, , ,False,b2834b4163a4ddd7e64ea7d064b7a1c4cf6c4295fe197c3213991ba67a3e5b2a, 
07-2336423,Bengt,O'Gavin,33684 Sugar Pass,Tulsa,Oklahoma,74141,1,50576.1,47,89.46, , , , , , ,0, , ,False,06214ac98a288aff6e428efee952716869c31715388202eb55392fe97bd99e89, 
07-8311644,Kit,Bulstrode,0772 Meadow Vale Park,Los Angeles,California,90071,1,117990.64,44,20.1, , , , , , ,0, , ,False,675616528e21d1578498a4c0f1a5c735cea3b067418f11048258a5eb25593413, 
77-0583822,Justinian,Paulazzi,6709 Graceland Drive,New York City,New York,10160,2,135920.95,43,52.93, , , , , , ,0, , ,False,d86a460b13e355cd380e41ddd9534bc96b6b06695b252e815022614880551fc0, 
65-1939987,Willie,Floris,894 Glendale Plaza,Worcester,Massachusetts,1610,2,62862.15,46,16.85, , , , , , ,0, , ,False,a99ed1ac355ebf4cda51029c12f654a03689e013fac46364db09aac6a267a2c8, 
12-3456789,Bob,Tester,894 Glendale Plaza,Worcester,Massachusetts,1610,2,62862.15,46,16.85,123-456-7890,3/24/2023,123-45-6789,3/24/2023,30417353-K,465794-3611,0,Software Engineer,stapler,False,4e4577f023d1c8ab0deb91ecc1cc4f51a0cd232e0b91e60c8811e6c82da60956,bob@bob.com
12-3456790,Bob,Tester The Second,894 Glendale Plaza,Worcester,Massachusetts,1610,2,62862.15,46,16.85,123-456-7890,4/25/2023,123-45-6790,4/25/2023,30417354-K,465794-3611,1,assitant to the assistant to the manager,stapler,False,adabe0c70c26f8850c41a6ddb969db8f3de122c203af1beed2953b18e8fb2776,bob2@bob.com
12-3456791,Bob,Tester The Third,894 Glendale Plaza,Worcester,Massachusetts,1610,2,62862.15,46,16.85,123-456-7891,4/26/2023,123-45-6791,4/26/2023,30417355-K,465794-3611,1,assitant to the assitant to the assistant to the manager,stapler,False,100b16b5ee41ec5bb14087101261e0193b2db7ebbd2fc6739a41599d8654a91e,bob3@bob.com
